"0","graph <- as_tbl_graph(full) |> "
"0","  activate(nodes) |> "
"0","  mutate(status = ifelse(name %in% full$to, ""student"", ""supervisor""))"
"0",""
"0","ggraph(graph, layout = ""stress"") +"
"0","  geom_edge_link() +"
"0","  geom_node_point(aes(color = status)) +"
"0","  geom_node_label(aes(label = name), size = 1.5, repel = TRUE, label.padding = 0.15) +"
"0","  scale_color_manual(values = c(""blue"", ""red""),"
"0","                     labels = c(""Student"", ""Supervisor"")) +"
"0","  labs(color = """") +"
"0","  theme_void()"
