"0","library(fuzzyjoin)"
"0",""
"0","load(""data/supervisors.Rdata"")"
"0","load(""data/main.Rdata"")"
"0",""
"0","full <- results |> "
"0","  mutate(from = str_remove(from, ""Prof |A/Prof |Dr |Prof. |Dr. |Assoc Prof. |Professor "")) |> "
"0","  stringdist_left_join(main,"
"0","                       by = c(""from"" = ""supervisor""),"
"0","                       max_dist = 2) |> "
"0","  mutate(supervisor = ifelse(is.na(supervisor), from, supervisor)) |> "
"0","  mutate(supervisor = case_when("
"0","    supervisor == ""David T. Frazier"" ~ ""David Frazier"","
"0","    supervisor == ""Di Cook"" ~ ""Dianne Cook"","
"0","    supervisor == ""Farshid Vahid-Araghi"" ~ ""Farshid Vahid"","
"0","    supervisor == ""Susan VanderPlas"" ~ ""Susan Vanderplus"","
"0","    supervisor == ""Thiyanga S. Talagala"" ~ ""Thiyanga Talagala"","
"0","    .default = supervisor"
"0","  )) |> "
"0","  select(to, supervisor) |> "
"0","  rename(from = supervisor)"
