{"chunk_definitions":[{"row":27,"row_count":1,"visible":true,"expansion_state":0,"options":{"engine":"r","label":"unnamed-chunk-16","message":false,"dev":"png"},"document_id":"A8239A3A","chunk_id":"chlmo1kihqxtj","chunk_label":"unnamed-chunk-1"},{"row":201,"row_count":1,"visible":true,"expansion_state":0,"options":{"engine":"r","label":"unnamed-chunk-17","dev":"png"},"document_id":"A8239A3A","chunk_id":"co9f3yysdo4f5","chunk_label":"unnamed-chunk-3"},{"row":247,"row_count":1,"visible":true,"expansion_state":0,"options":{"engine":"r","label":"unnamed-chunk-19","dev":"png"},"document_id":"A8239A3A","chunk_id":"cgkdpmt9f95po","chunk_label":"unnamed-chunk-5"},{"row":264,"row_count":1,"visible":true,"expansion_state":0,"options":{"engine":"r","label":"unnamed-chunk-29","dev":"png"},"document_id":"A8239A3A","chunk_id":"cvxz5q3h7vnhn","chunk_label":"unnamed-chunk-6"}],"doc_write_time":1748183985}